Tool,ARI,AMI
chisel,0.8888888888888888,0.9613324313645352
