Tool,Haplotype,RMSE,SCC,ACC
chisel_2x_500kb,combined,1.5130908906345646,0.5364538096120207,0.5645956678700361
chisel_5x_500kb,combined,1.4933250992373603,0.5334729806374447,0.5531636888648258
