Tool,Type,ACC
chisel_5x,DUP,0.14285714285714285
chisel_5x,CNG_LOH,0.12827225130890052
chisel_5x,Mirror CNA,0.265625
chisel_5x,CNN_LOH,0.3055555555555556
chisel_5x,CNL_LOH,0.0851063829787234
chisel_5x,DEL,0.0
chisel_5x,WGD,0.234375
chisel_5x,WCL,1.0
