Tool,Type,RMSE,ACC
chisel_5x,DUP,1.777091644020139,0.15602836879432624
chisel_5x,CNG_LOH,3.19890360798723,0.12827225130890052
chisel_5x,Mirror CNA,2.452677108793573,0.2708333333333333
chisel_5x,CNN_LOH,1.319371343004213,0.3055555555555556
chisel_5x,CNL_LOH,1.4217160742372863,0.0851063829787234
chisel_5x,DEL,1.0,0.0
chisel_5x,WGD,1.5103807466993215,0.234375
chisel_5x,WCL,0.0,1.0
