Tool,Type,RMSE,ACC
chisel_5x,DUP,0.5494770471359842,0.8632218844984803
chisel_5x,CNG_LOH,0.2109564357895893,0.9842931937172775
chisel_5x,Mirror CNA,0.2975595178559521,0.9557291666666666
chisel_5x,CNN_LOH,0.13608276348795434,0.9814814814814815
chisel_5x,CNL_LOH,0.25264557631995566,0.9361702127659575
chisel_5x,DEL,0.0,1.0
chisel_5x,WGD,0.0,1.0
chisel_5x,WCL,0.0,1.0
